{"cameraMode":{"drawMode":0,"name":"Shaded","section":"Shading Mode"},"sceneLighting":false,"audioPlay":false,"sceneViewState":{"showFog":true,"showMaterialUpdate":false,"showSkybox":false,"showFlares":true,"showImageEffects":true,"showParticleSystems":true},"in2DMode":false,"pivot":{"x":-0.4013441205024719,"y":0.014999990351498127,"z":-1.5982369184494019},"rotation":{"x":-0.18497559428215028,"y":0.10846690088510513,"z":-0.02080325037240982,"w":-0.9766103029251099},"size":0.3354475498199463,"orthographic":false}