{"cameraMode":{"drawMode":0,"name":"Shaded","section":"Shading Mode"},"sceneLighting":false,"audioPlay":false,"sceneViewState":{"showFog":true,"showMaterialUpdate":false,"showSkybox":false,"showFlares":true,"showImageEffects":true,"showParticleSystems":true},"in2DMode":false,"pivot":{"x":294.0774230957031,"y":128.29544067382813,"z":-11.345367431640625},"rotation":{"x":-0.0032830839045345785,"y":0.0012320552486926318,"z":0.00005063906792202033,"w":1.0000483989715577},"size":202.36146545410157,"orthographic":false}