{"cameraMode":{"drawMode":0,"name":"Shaded","section":"Shading Mode"},"sceneLighting":false,"audioPlay":false,"sceneViewState":{"showFog":true,"showMaterialUpdate":false,"showSkybox":false,"showFlares":true,"showImageEffects":true,"showParticleSystems":true},"in2DMode":false,"pivot":{"x":1.491295337677002,"y":-0.11755169183015824,"z":0.01822042465209961},"rotation":{"x":-0.09821663051843643,"y":0.022389978170394899,"z":-0.0022073453292250635,"w":-0.9949197769165039},"size":0.4183593988418579,"orthographic":false}