{"cameraMode":{"drawMode":0,"name":"Shaded","section":"Shading Mode"},"sceneLighting":false,"audioPlay":false,"sceneViewState":{"showFog":true,"showMaterialUpdate":false,"showSkybox":false,"showFlares":true,"showImageEffects":true,"showParticleSystems":true},"in2DMode":false,"pivot":{"x":1.043502926826477,"y":0.09964215755462647,"z":-0.2718851566314697},"rotation":{"x":-0.4795816242694855,"y":0.13421572744846345,"z":-0.07461350411176682,"w":-0.8640578389167786},"size":0.6674236059188843,"orthographic":false}