{"cameraMode":{"drawMode":0,"name":"Shaded","section":"Shading Mode"},"sceneLighting":true,"audioPlay":false,"sceneViewState":{"showFog":true,"showMaterialUpdate":false,"showSkybox":true,"showFlares":true,"showImageEffects":true,"showParticleSystems":true},"in2DMode":false,"pivot":{"x":-144.42425537109376,"y":-51.2303466796875,"z":393.41650390625},"rotation":{"x":-0.19102297723293305,"y":0.12535648047924043,"z":-0.02460430935025215,"w":-0.9732472896575928},"size":433.4416809082031,"orthographic":false}